aeroporto,grau,ordem_ego,tamanho_ego,densidade_ego
BEL,3,4,6,1.0
BSB,5,6,11,0.733333
CGH,4,5,10,1.0
CNF,4,5,10,1.0
CWB,2,3,3,1.0
FLN,2,3,3,1.0
FOR,5,6,15,1.0
GIG,4,5,10,1.0
GRU,8,9,20,0.555556
GYN,1,2,1,1.0
JPA,5,6,15,1.0
MAO,7,8,16,0.571429
NAT,5,6,15,1.0
POA,6,7,13,0.619048
PVH,3,4,6,1.0
RBR,3,4,6,1.0
REC,9,10,25,0.555556
SSA,5,6,15,1.0
THE,5,6,15,1.0
VIX,4,5,10,1.0
